{"cameraMode":{"drawMode":0,"name":"Shaded","section":"Shading Mode"},"sceneLighting":true,"audioPlay":false,"sceneViewState":{"showFog":true,"showMaterialUpdate":false,"showSkybox":true,"showFlares":true,"showImageEffects":true,"showParticleSystems":true},"in2DMode":false,"pivot":{"x":17.965213775634767,"y":-0.8433816432952881,"z":-4.276513576507568},"rotation":{"x":-0.07819269597530365,"y":-0.030802225694060327,"z":0.002417125506326556,"w":-0.9964620471000671},"size":8.02470874786377,"orthographic":false}