{"cameraMode":{"drawMode":0,"name":"Shaded","section":"Shading Mode"},"sceneLighting":true,"audioPlay":false,"sceneViewState":{"showFog":true,"showMaterialUpdate":false,"showSkybox":true,"showFlares":true,"showImageEffects":true,"showParticleSystems":true},"in2DMode":false,"pivot":{"x":-3.846909999847412,"y":1.3151969909667969,"z":1.3593463897705079},"rotation":{"x":0.05682145804166794,"y":0.9024196863174439,"z":-0.1256159245967865,"w":0.40820419788360598},"size":3.6829898357391359,"orthographic":false}