{"cameraMode":{"drawMode":0,"name":"Shaded","section":"Shading Mode"},"sceneLighting":true,"audioPlay":false,"sceneViewState":{"showFog":true,"showMaterialUpdate":true,"showSkybox":false,"showFlares":true,"showImageEffects":true,"showParticleSystems":true},"in2DMode":false,"pivot":{"x":17.8799991607666,"y":0.529999852180481,"z":-0.04394412040710449},"rotation":{"x":-0.2960638403892517,"y":0.06153513118624687,"z":-0.019121630117297174,"w":-0.9530097246170044},"size":6.062177658081055,"orthographic":false}