{"cameraMode":{"drawMode":0,"name":"Shaded","section":"Shading Mode"},"sceneLighting":true,"audioPlay":false,"sceneViewState":{"showFog":true,"showMaterialUpdate":true,"showSkybox":true,"showFlares":true,"showImageEffects":true,"showParticleSystems":true},"in2DMode":false,"pivot":{"x":19.74895668029785,"y":2.920297145843506,"z":0.19484247267246247},"rotation":{"x":0.15890774130821229,"y":0.018077261745929719,"z":-0.002912285039201379,"w":0.9871348142623901},"size":6.386694431304932,"orthographic":false}