{"cameraMode":{"drawMode":0,"name":"Shaded","section":"Shading Mode"},"sceneLighting":true,"audioPlay":false,"sceneViewState":{"showFog":true,"showMaterialUpdate":true,"showSkybox":true,"showFlares":true,"showImageEffects":true,"showParticleSystems":true},"in2DMode":false,"pivot":{"x":4.451010704040527,"y":3.8796236515045168,"z":-15.150833129882813},"rotation":{"x":-0.08912711590528488,"y":0.6502900719642639,"z":-0.0772365853190422,"w":-0.7505015134811401},"size":6.4641032218933109,"orthographic":false}