{"cameraMode":{"drawMode":0,"name":"Shaded","section":"Shading Mode"},"sceneLighting":true,"audioPlay":false,"sceneViewState":{"showFog":true,"showMaterialUpdate":true,"showSkybox":true,"showFlares":true,"showImageEffects":true,"showParticleSystems":true},"in2DMode":false,"pivot":{"x":20.523149490356447,"y":2.107789993286133,"z":-7.01266622543335},"rotation":{"x":-0.0700913667678833,"y":-0.04190344363451004,"z":0.002950774971395731,"w":-0.9966745376586914},"size":4.364101886749268,"orthographic":false}