{"cameraMode":{"drawMode":0,"name":"Shaded","section":"Shading Mode"},"sceneLighting":false,"audioPlay":false,"sceneViewState":{"showFog":true,"showMaterialUpdate":true,"showSkybox":false,"showFlares":true,"showImageEffects":true,"showParticleSystems":true},"in2DMode":false,"pivot":{"x":20.200000762939454,"y":1.0,"z":-18.149999618530275},"rotation":{"x":-0.06248624622821808,"y":0.9374161958694458,"z":-0.24918200075626374,"w":-0.23507186770439149},"size":1.2247449159622193,"orthographic":false}