{"cameraMode":{"drawMode":0,"name":"Shaded","section":"Shading Mode"},"sceneLighting":false,"audioPlay":false,"sceneViewState":{"showFog":true,"showMaterialUpdate":true,"showSkybox":false,"showFlares":true,"showImageEffects":true,"showParticleSystems":true},"in2DMode":false,"pivot":{"x":17.055538177490236,"y":0.6256317496299744,"z":-3.6694252490997316},"rotation":{"x":-0.0019718920812010767,"y":0.9967848062515259,"z":-0.0761120617389679,"w":-0.02573724277317524},"size":12.87232780456543,"orthographic":false}