{"cameraMode":{"drawMode":0,"name":"Shaded","section":"Shading Mode"},"sceneLighting":true,"audioPlay":false,"sceneViewState":{"showFog":true,"showMaterialUpdate":true,"showSkybox":true,"showFlares":true,"showImageEffects":true,"showParticleSystems":true},"in2DMode":false,"pivot":{"x":26.393991470336915,"y":11.989765167236329,"z":0.23935197293758393},"rotation":{"x":-0.17152337729930879,"y":0.6690879464149475,"z":-0.162893146276474,"w":-0.7045367360115051},"size":9.847686767578125,"orthographic":false}