{"cameraMode":{"drawMode":0,"name":"Shaded","section":"Shading Mode"},"sceneLighting":false,"audioPlay":false,"sceneViewState":{"showFog":true,"showMaterialUpdate":true,"showSkybox":false,"showFlares":true,"showImageEffects":true,"showParticleSystems":true},"in2DMode":false,"pivot":{"x":19.1200008392334,"y":1.0999999046325684,"z":2.0500001907348635},"rotation":{"x":0.052931640297174457,"y":0.697312593460083,"z":-0.05177388712763786,"w":0.712949275970459},"size":4.529824256896973,"orthographic":false}