{"cameraMode":{"drawMode":0,"name":"Shaded","section":"Shading Mode"},"sceneLighting":true,"audioPlay":false,"sceneViewState":{"showFog":true,"showMaterialUpdate":true,"showSkybox":true,"showFlares":true,"showImageEffects":true,"showParticleSystems":true},"in2DMode":false,"pivot":{"x":22.1016788482666,"y":1.4871501922607422,"z":1.960378885269165},"rotation":{"x":-0.1802101880311966,"y":-0.011822054162621498,"z":0.0021645633969455959,"w":-0.9835739135742188},"size":4.664102077484131,"orthographic":false}