{"cameraMode":{"drawMode":0,"name":"Shaded","section":"Shading Mode"},"sceneLighting":true,"audioPlay":false,"sceneViewState":{"showFog":true,"showMaterialUpdate":true,"showSkybox":true,"showFlares":true,"showImageEffects":true,"showParticleSystems":true},"in2DMode":false,"pivot":{"x":19.7152099609375,"y":2.311345338821411,"z":-16.497760772705079},"rotation":{"x":-0.041959986090660098,"y":0.9574774503707886,"z":-0.21794404089450837,"w":-0.1843397319316864},"size":4.22474479675293,"orthographic":false}